encrypt,decrypt
0.0028210,0.0027640
